SGD, 1, -9, 1, -9, 128, 128, 128, 128, 0.3, 0.4, 0.3,0.3, 12.5, 12.5, 400, 200, 0, 4000, 0, 1, 0, 1, 9.64
SGD, 1, -9, 1, -9, 128, 128, 128, 128, 0.3, 0.4, 0.3,0.3, 12.5, 12.5, 400, 200, 0, 4000, 0, 1, 0, 2, 9.8
SGD, 1, -9, 1, -9, 128, 128, 128, 128, 0.3, 0.4, 0.3,0.3, 12.5, 12.5, 400, 200, 0, 4000, 0, 1, 0, 3, 9.8
SGD, 1, -9, 1, -9, 128, 128, 128, 128, 0.3, 0.4, 0.3,0.3, 12.5, 12.5, 400, 200, 0, 4000, 0, 1, 0, 4, 9.8
SGD, 1, -9, 1, -9, 128, 128, 128, 128, 0.3, 0.4, 0.3,0.3, 12.5, 12.5, 400, 200, 0, 4000, 0, 1, 0, 5, 9.8
SGD, 1, -9, 1, -9, 128, 128, 128, 128, 0.3, 0.4, 0.3,0.3, 12.5, 12.5, 400, 200, 0, 4000, 0, 1, 0, 6, 9.8
SGD, 1, -9, 1, -9, 128, 128, 128, 128, 0.1, 0.4, 0.3,0.3, 12.5, 12.5, 400, 200, 0, 4000, 0, 1, 0, 1, 35.01
SGD, 1, -9, 1, -9, 128, 128, 128, 128, 0.1, 0.4, 0.3,0.1, 12.5, 12.5, 400, 200, 0, 4000, 0, 1, 0, 1, 28.1
SGD, 1, -9, 1, -9, 128, 128, 128, 128, 0.1, 0.4, 0.3,0.1, 12.5, 12.5, 400, 200, 0, 4000, 0, 1, 0, 2, 19.55
SGD, 1, -9, 1, -9, 128, 128, 128, 128, 0.1, 0.4, 0.3,0.1, 12.5, 12.5, 400, 200, 0, 4000, 0, 1, 0, 3, 11.71
SGD, 1, -9, 1, -9, 128, 128, 128, 128, 0.1, 0.4, 0.3,0.1, 12.5, 12.5, 400, 200, 0, 4000, 0, 1, 0, 4, 11.35
SGD, 1, -9, 1, -9, 128, 128, 128, 128, 0.1, 0.4, 0.3,0.1, 12.5, 12.5, 400, 200, 0, 4000, 0, 1, 0, 5, 11.35
SGD, 1, -9, 1, -9, 128, 128, 128, 128, 0.1, 0.4, 0.3,0.1, 12.5, 12.5, 400, 200, 0, 4000, 0, 1, 0, 6, 11.35
SGD, 1, -9, 1, -9, 128, 128, 128, 128, 0.1, 0.4, 0.3,0.1, 12.5, 12.5, 400, 200, 0, 4000, 0, 1, 0, 7, 11.35
SGD, 1, -9, 1, -9, 128, 128, 128, 128, 0.1, 0.4, 0.3,0.1, 12.5, 12.5, 400, 200, 0, 4000, 0, 1, 0, 8, 11.35
SGD, 1, -9, 1, -9, 128, 128, 128, 128, 0.1, 0.4, 0.3,0.1, 12.5, 12.5, 400, 200, 0, 4000, 0, 1, 0, 9, 11.35
SGD, 1, -9, 1, -9, 128, 128, 128, 128, 0.1, 0.3, 0.4,0.1, 12.5, 12.5, 400, 200, 0, 4000, 0, 1, 0, 1, 35.43
SGD, 1, -9, 1, -9, 128, 128, 128, 128, 0.1, 0.3, 0.4,0.1, 12.5, 12.5, 400, 200, 0, 4000, 0, 1, 0, 2, 13.79
SGD, 1, -9, 1, -9, 128, 128, 128, 128, 0.1, 0.3, 0.4,0.1, 12.5, 12.5, 400, 200, 0, 4000, 0, 1, 0, 3, 11.91
SGD, 1, -9, 1, -9, 128, 128, 128, 128, 0.1, 0.3, 0.4,0.1, 12.5, 12.5, 400, 200, 0, 4000, 0, 1, 0, 4, 11.33
SGD, 1, -9, 1, -9, 128, 128, 128, 128, 0.1, 0.3, 0.4,0.1, 12.5, 12.5, 400, 200, 0, 4000, 0, 1, 0, 5, 11.34
SGD, 1, -9, 1, -9, 128, 128, 128, 128, 0.1, 0.1, 0.3,0.1, 12.5, 12.5, 400, 200, 0, 4000, 0, 1, 0, 1, 27.75
SGD, 1, -9, 1, -9, 128, 128, 128, 128, 0.1, 0.1, 0.3,0.1, 12.5, 12.5, 400, 200, 0, 4000, 0, 1, 0, 2, 22.73
SGD, 1, -9, 1, -9, 128, 128, 128, 128, 0.1, 0.1, 0.3,0.1, 12.5, 12.5, 400, 200, 0, 4000, 0, 1, 0, 3, 15.17
SGD, 1, -9, 1, -9, 128, 128, 128, 128, 0.1, 0.1, 0.3,0.1, 12.5, 12.5, 400, 200, 0, 4000, 0, 1, 0, 4, 14.51
SGD, 1, -9, 1, -9, 128, 128, 128, 128, 0.1, 0.1, 0.3,0.1, 12.5, 12.5, 400, 200, 0, 4000, 0, 1, 0, 5, 11.72
SGD, 1, -9, 1, -9, 128, 128, 128, 128, 0.1, 0.1, 0.3,0.1, 12.5, 12.5, 400, 200, 0, 4000, 0, 1, 0, 6, 10
SGD, 1, -9, 1, -9, 128, 128, 128, 128, 0.1, 0.1, 0.3,0.1, 12.5, 12.5, 400, 200, 0, 4000, 0, 1, 0, 7, 9.8
SGD, 1, -9, 1, -9, 128, 128, 128, 128, 0.1, 0.1, 0.3,0.1, 12.5, 12.5, 400, 200, 0, 4000, 0, 1, 0, 8, 9.8
SGD, 1, -9, 1, -9, 128, 128, 128, 128, 0.1, 0.1, 0.3,0.1, 12.5, 12.5, 400, 200, 0, 4000, 0, 1, 0, 9, 9.8
SGD, 1, -9, 1, -9, 128, 128, 128, 128, 0.1, 0.1, 0.3,0.1, 12.5, 12.5, 400, 200, 0, 4000, 0, 1, 0, 10, 9.8
SGD, 1, -9, 1, -9, 128, 128, 128, 128, 0.1, 0.1, 0.3,0.1, 12.5, 12.5, 400, 200, 0, 4000, 0, 1, 0, 11, 9.8
SGD, 1, -9, 1, -9, 128, 128, 128, 128, 0.1, 0.3, 0.1,0.1, 12.5, 12.5, 400, 200, 0, 4000, 0, 1, 0, 1, 29.01
SGD, 1, -9, 1, -9, 128, 128, 128, 128, 0.1, 0.3, 0.1,0.1, 12.5, 12.5, 400, 200, 0, 4000, 0, 1, 0, 2, 14.25
SGD, 1, -9, 1, -9, 128, 128, 128, 128, 0.1, 0.3, 0.1,0.1, 12.5, 12.5, 400, 200, 0, 4000, 0, 1, 0, 3, 11.74
SGD, 1, -9, 1, -9, 128, 128, 128, 128, 0.1, 0.3, 0.1,0.1, 12.5, 12.5, 400, 200, 0, 4000, 0, 1, 0, 4, 11.35
SGD, 1, -9, 1, -9, 128, 128, 128, 128, 0.1, 0.3, 0.1,0.1, 12.5, 12.5, 400, 200, 0, 4000, 0, 1, 0, 5, 11.35
SGD, 1, -9, 1, -9, 128, 128, 128, 128, 0.1, 0.3, 0.1,0.1, 12.5, 12.5, 400, 200, 0, 4000, 0, 1, 0, 6, 11.35
SGD, 1, -9, 1, -9, 128, 128, 128, 128, 0.1, 0.3, 0.1,0.1, 12.5, 12.5, 400, 200, 0, 4000, 0, 1, 0, 7, 11.35
SGD, 1, -9, 1, -9, 128, 128, 128, 128, 0.1, 0.3, 0.1,0.1, 12.5, 12.5, 400, 200, 0, 4000, 0, 1, 0, 8, 11.35
SGD, 1, -9, 1, -9, 128, 128, 128, 128, 0.1, 0.3, 0.1,0.1, 12.5, 12.5, 400, 200, 0, 4000, 0, 1, 0, 9, 11.35
SGD, 1, -9, 1, -9, 128, 128, 128, 128, 0.1, 0.3, 0.1,0.1, 12.5, 12.5, 400, 200, 0, 4000, 0, 1, 0, 10, 11.35
SGD, 1, -9, 1, -9, 128, 128, 128, 128, 0.1, 0.3, 0.1,0.1, 12.5, 12.5, 200, 200, 1, 4000, 0, 1, 0, 1, 8.03
SGD, 1, -9, 1, -9, 128, 128, 128, 128, 0.1, 0.3, 0.1,0.1, 12.5, 12.5, 200, 200, 1, 4000, 0, 1, 0, 2, 9.75
SGD, 1, -9, 1, -9, 128, 128, 128, 128, 0.1, 0.3, 0.1,0.1, 12.5, 12.5, 200, 200, 1, 4000, 0, 1, 0, 3, 9.9
SGD, 1, -9, 1, -9, 128, 128, 128, 128, 0.1, 0.3, 0.1,0.1, 12.5, 12.5, 3, 3, 1, 4000, 0, 1, 0, 1, 18.43
SGD, 1, -9, 1, -9, 128, 128, 128, 128, 0.1, 0.3, 0.1,0.1, 12.5, 12.5, 3, 3, 1, 4000, 0, 1, 0, 2, 19.77
SGD, 1, -9, 1, -9, 128, 128, 128, 128, 0.1, 0.3, 0.1,0.1, 12.5, 12.5, 3, 3, 1, 4000, 0, 1, 0, 3, 22.41
SGD, 1, -9, 1, -9, 128, 128, 128, 128, 0.1, 0.3, 0.1,0.1, 12.5, 12.5, 3, 3, 1, 4000, 0, 1, 0, 4, 23.47
SGD, 1, -9, 1, -9, 128, 128, 128, 128, 0.1, 0.3, 0.1,0.1, 12.5, 12.5, 3, 3, 1, 4000, 0, 1, 0, 5, 32.28
SGD, 1, -9, 1, -9, 128, 128, 128, 128, 0.1, 0.3, 0.1,0.1, 12.5, 12.5, 3, 3, 1, 4000, 0, 1, 0, 6, 23.86
SGD, 1, -9, 1, -9, 128, 128, 128, 128, 0.1, 0.3, 0.1,0.1, 12.5, 12.5, 3, 3, 1, 4000, 0, 1, 0, 7, 28.49
SGD, 1, -9, 1, -9, 128, 128, 128, 128, 0.1, 0.3, 0.1,0.1, 12.5, 12.5, 3, 3, 1, 4000, 0, 1, 0, 8, 31.47
SGD, 1, -9, 1, -9, 128, 128, 128, 128, 0.1, 0.3, 0.1,0.1, 12.5, 12.5, 3, 3, 1, 4000, 0, 1, 0, 9, 29.79
SGD, 1, -9, 1, -9, 128, 128, 128, 128, 0.1, 0.3, 0.1,0.1, 12.5, 12.5, 3, 3, 1, 4000, 0, 1, 0, 10, 29.94
SGD, 1, -9, 1, -9, 128, 128, 128, 128, 0.1, 0.3, 0.1,0.1, 12.5, 12.5, 3, 3, 1, 4000, 0, 1, 0, 11, 28.19
SGD, 1, -9, 1, -9, 128, 128, 128, 128, 0.1, 0.3, 0.1,0.1, 12.5, 12.5, 3, 3, 1, 4000, 0, 1, 0, 12, 28.05
SGD, 1, -9, 1, -9, 128, 128, 128, 128, 0.1, 0.3, 0.1,0.1, 12.5, 12.5, 3, 3, 1, 4000, 0, 1, 0, 13, 25.79
SGD, 1, -9, 1, -9, 128, 128, 128, 128, 0.1, 0.3, 0.1,0.1, 12.5, 12.5, 3, 3, 1, 4000, 0, 1, 0, 14, 23.22
SGD, 1, -9, 1, -9, 128, 128, 128, 128, 0.1, 0.3, 0.1,0.1, 12.5, 12.5, 3, 3, 1, 4000, 0, 1, 0, 15, 31.36
SGD, 1, -9, 1, -9, 128, 128, 128, 128, 0.1, 0.3, 0.1,0.1, 12.5, 12.5, 3, 3, 1, 4000, 0, 1, 0, 16, 35.26
SGD, 1, -9, 1, -9, 128, 128, 128, 128, 0.1, 0.3, 0.1,0.1, 12.5, 12.5, 3, 3, 1, 4000, 0, 1, 0, 17, 27.84
SGD, 1, -9, 1, -9, 128, 128, 128, 128, 0.1, 0.3, 0.1,0.1, 12.5, 12.5, 3, 3, 1, 4000, 0, 1, 0, 18, 31.84
SGD, 1, -9, 1, -9, 128, 128, 128, 128, 0.1, 0.3, 0.1,0.1, 12.5, 12.5, 3, 3, 1, 4000, 0, 1, 0, 19, 28.48
SGD, 1, -9, 1, -9, 128, 128, 128, 128, 0.1, 0.3, 0.1,0.1, 12.5, 12.5, 3, 3, 1, 4000, 0, 1, 0, 20, 28.25
SGD, 1, -9, 1, -9, 128, 128, 128, 128, 0.1, 0.3, 0.1,0.1, 12.5, 12.5, 3, 3, 1, 4000, 0, 1, 0, 21, 31.75
SGD, 1, -9, 1, -9, 128, 128, 128, 128, 0.1, 0.3, 0.1,0.1, 12.5, 12.5, 3, 3, 1, 4000, 0, 1, 0, 22, 28.94
SGD, 1, -9, 1, -9, 128, 128, 128, 128, 0.1, 0.3, 0.1,0.1, 12.5, 12.5, 3, 3, 1, 4000, 0, 1, 0, 23, 30.42
SGD, 1, -9, 1, -9, 128, 128, 128, 128, 0.1, 0.3, 0.1,0.1, 12.5, 12.5, 3, 3, 1, 4000, 0, 1, 0, 24, 30.63
SGD, 1, -9, 1, -9, 128, 128, 128, 128, 0.1, 0.3, 0.1,0.1, 12.5, 12.5, 3, 3, 1, 4000, 0, 1, 0, 25, 32.39
SGD, 1, -9, 1, -9, 128, 128, 128, 128, 0.1, 0.3, 0.1,0.1, 12.5, 12.5, 3, 3, 1, 4000, 0, 1, 0, 26, 29.63
SGD, 1, -9, 1, -9, 128, 128, 128, 128, 0.1, 0.3, 0.1,0.1, 12.5, 12.5, 3, 3, 1, 4000, 0, 1, 0, 27, 34.34
SGD, 1, -9, 1, -9, 128, 128, 128, 128, 0.1, 0.3, 0.1,0.1, 12.5, 12.5, 3, 3, 1, 4000, 0, 1, 0, 28, 29.63
SGD, 1, -9, 1, -9, 128, 128, 128, 128, 0.1, 0.3, 0.1,0.1, 12.5, 12.5, 3, 3, 1, 4000, 0, 1, 0, 29, 28.64
SGD, 1, -9, 1, -9, 128, 128, 128, 128, 0.1, 0.3, 0.1,0.1, 12.5, 12.5, 3, 3, 1, 4000, 0, 1, 0, 30, 28.95
SGD, 1, -9, 1, -9, 128, 128, 128, 128, 0.1, 0.3, 0.1,0.1, 12.5, 12.5, 3, 3, 1, 4000, 0, 1, 0, 31, 25.43
SGD, 1, -9, 1, -9, 128, 128, 128, 128, 0.1, 0.3, 0.1,0.1, 12.5, 12.5, 3, 3, 1, 4000, 0, 1, 0, 32, 24.91
SGD, 1, -9, 1, -9, 128, 128, 128, 128, 0.1, 0.3, 0.1,0.1, 12.5, 12.5, 3, 3, 1, 4000, 0, 1, 0, 33, 21.16
SGD, 1, -9, 1, -9, 128, 128, 128, 128, 0.1, 0.3, 0.1,0.1, 12.5, 12.5, 3, 3, 1, 4000, 0, 1, 0, 34, 31.05
SGD, 1, -9, 1, -9, 128, 128, 128, 128, 0.1, 0.3, 0.1,0.1, 12.5, 12.5, 3, 3, 1, 4000, 0, 1, 0, 35, 25.24
SGD, 1, -9, 1, -9, 128, 128, 128, 128, 0.1, 0.3, 0.1,0.1, 12.5, 12.5, 3, 3, 1, 4000, 0, 1, 0, 36, 25.68
SGD, 1, -9, 1, -9, 128, 128, 128, 128, 0.1, 0.3, 0.1,0.1, 12.5, 12.5, 3, 3, 1, 4000, 0, 1, 0, 37, 23.68
SGD, 1, -9, 1, -9, 128, 128, 128, 128, 0.1, 0.3, 0.1,0.1, 12.5, 12.5, 3, 3, 1, 4000, 0, 1, 0, 38, 27.5
SGD, 1, -9, 1, -9, 128, 128, 128, 128, 0.1, 0.3, 0.1,0.1, 12.5, 12.5, 3, 3, 1, 4000, 0, 1, 0, 39, 21.98
SGD, 1, -9, 1, -9, 128, 128, 128, 128, 0.1, 0.3, 0.1,0.1, 12.5, 12.5, 3, 3, 1, 4000, 0, 1, 0, 40, 24.88
SGD, 1, -9, 1, -9, 128, 128, 128, 128, 0.1, 0.3, 0.1,0.1, 12.5, 12.5, 3, 3, 1, 4000, 0, 1, 0, 41, 25.27
SGD, 1, -9, 1, -9, 128, 128, 128, 128, 0.1, 0.3, 0.1,0.1, 12.5, 12.5, 3, 3, 1, 4000, 0, 1, 0, 42, 29.71
SGD, 1, -9, 1, -9, 128, 128, 128, 128, 0.1, 0.3, 0.1,0.1, 12.5, 12.5, 3, 3, 1, 4000, 0, 1, 0, 43, 22.15
SGD, 1, -9, 1, -9, 128, 128, 128, 128, 0.1, 0.3, 0.1,0.1, 12.5, 12.5, 3, 3, 1, 4000, 0, 1, 0, 44, 27.73
SGD, 1, -9, 1, -9, 128, 128, 128, 128, 0.1, 0.3, 0.1,0.1, 12.5, 12.5, 3, 3, 1, 4000, 0, 1, 0, 45, 23.27
SGD, 1, -9, 1, -9, 128, 128, 128, 128, 0.1, 0.3, 0.1,0.1, 12.5, 12.5, 3, 3, 1, 4000, 0, 1, 0, 46, 29.69
SGD, 1, -9, 1, -9, 128, 128, 128, 128, 0.1, 0.3, 0.1,0.1, 12.5, 12.5, 3, 3, 1, 4000, 0, 1, 0, 47, 25.86
SGD, 1, -9, 1, -9, 128, 128, 128, 128, 0.1, 0.3, 0.1,0.1, 12.5, 12.5, 3, 3, 1, 4000, 0, 1, 0, 48, 26.6
SGD, 1, -9, 1, -9, 128, 128, 128, 128, 0.1, 0.1, 0.3,0.1, 12.5, 12.5, 4, 4, 1, 4000, 0, 1, 0, 1, 9.74
SGD, 1, -9, 1, -9, 128, 128, 128, 128, 0.1, 0.1, 0.3,0.1, 12.5, 12.5, 4, 4, 1, 4000, 0, 1, 0, 2, 9.74
SGD, 1, -9, 1, -9, 128, 128, 128, 128, 0.1, 0.1, 0.3,0.1, 12.5, 12.5, 4, 4, 1, 4000, 0, 1, 0, 3, 9.74
SGD, 1, -9, 1, -9, 128, 128, 128, 128, 0.1, 0.1, 0.3,0.1, 12.5, 12.5, 4, 4, 1, 4000, 0, 1, 0, 4, 9.74
SGD, 1, -9, 1, -9, 128, 128, 128, 128, 0.1, 0.3, 0.1,0.1, 12.5, 12.5, 4, 4, 1, 4000, 0, 1, 0, 1, 32.51
SGD, 1, -9, 1, -9, 128, 128, 128, 128, 0.1, 0.3, 0.1,0.1, 12.5, 12.5, 4, 4, 1, 4000, 0, 1, 0, 2, 29.73
SGD, 1, -9, 1, -9, 128, 128, 128, 128, 0.1, 0.3, 0.1,0.1, 12.5, 12.5, 4, 4, 1, 4000, 0, 1, 0, 3, 32.53
SGD, 1, -9, 1, -9, 128, 128, 128, 128, 0.1, 0.3, 0.1,0.1, 12.5, 12.5, 4, 4, 1, 4000, 0, 1, 0, 4, 37.37
SGD, 1, -9, 1, -9, 128, 128, 128, 128, 0.1, 0.3, 0.1,0.1, 12.5, 12.5, 4, 4, 1, 4000, 0, 1, 0, 5, 38.29
SGD, 1, -9, 1, -9, 128, 128, 128, 128, 0.1, 0.3, 0.1,0.1, 12.5, 12.5, 4, 4, 1, 4000, 0, 1, 0, 6, 40.52
SGD, 1, -9, 1, -9, 128, 128, 128, 128, 0.1, 0.3, 0.1,0.1, 12.5, 12.5, 4, 4, 1, 4000, 0, 1, 0, 7, 35.78
SGD, 1, -9, 1, -9, 128, 128, 128, 128, 0.1, 0.1, 0.1,0.1, 12.5, 12.5, 4, 4, 1, 4000, 0, 1, 0, 1, 18.94
SGD, 1, -9, 1, -9, 128, 128, 128, 128, 0.1, 0.1, 0.1,0.1, 12.5, 12.5, 4, 4, 1, 4000, 0, 1, 0, 2, 20.63
SGD, 1, -9, 1, -9, 128, 128, 128, 128, 0.1, 0.1, 0.1,0.1, 12.5, 12.5, 4, 4, 1, 4000, 0, 1, 0, 3, 25.29
SGD, 1, -9, 1, -9, 128, 128, 128, 128, 0.1, 0.1, 0.1,0.1, 12.5, 12.5, 4, 4, 1, 4000, 0, 1, 0, 4, 35.68
SGD, 1, -9, 1, -9, 128, 128, 128, 128, 0.1, 0.1, 0.1,0.1, 12.5, 12.5, 4, 4, 1, 4000, 0, 1, 0, 5, 41
SGD, 1, -9, 1, -9, 128, 128, 128, 128, 0.1, 0.1, 0.1,0.1, 12.5, 12.5, 4, 4, 1, 4000, 0, 1, 0, 6, 23.35
SGD, 1, -9, 1, -9, 128, 128, 128, 128, 0.1, 0.1, 0.1,0.1, 12.5, 12.5, 4, 4, 1, 4000, 0, 1, 0, 7, 28.41
SGD, 1, -9, 1, -9, 128, 128, 128, 128, 0.1, 0.1, 0.1,0.1, 12.5, 12.5, 4, 4, 1, 4000, 0, 1, 0, 8, 21.06
SGD, 1, -9, 1, -9, 128, 128, 128, 128, 0.1, 0.1, 0.1,0.1, 12.5, 12.5, 4, 4, 1, 4000, 0, 1, 0, 9, 27.72
SGD, 1, -9, 1, -9, 128, 128, 128, 128, 0.1, 0.1, 0.1,0.1, 12.5, 12.5, 4, 4, 1, 4000, 0, 1, 0, 10, 21.03
SGD, 1, -9, 1, -9, 128, 128, 128, 128, 0.1, 0.1, 0.1,0.1, 12.5, 12.5, 4, 4, 1, 4000, 0, 1, 0, 11, 27.13
SGD, 1, -9, 1, -9, 128, 128, 128, 128, 0.1, 0.1, 0.1,0.1, 12.5, 12.5, 4, 4, 1, 4000, 0, 1, 0, 12, 31.47
SGD, 1, -9, 1, -9, 128, 128, 128, 128, 0.1, 0.1, 0.1,0.1, 12.5, 12.5, 4, 4, 1, 4000, 0, 1, 0, 13, 21.07
SGD, 1, -9, 1, -9, 128, 128, 128, 128, 0.1, 0.1, 0.1,0.1, 12.5, 12.5, 4, 4, 1, 4000, 0, 1, 0, 14, 18.97
SGD, 1, -9, 1, -9, 128, 128, 128, 128, 0.1, 0.1, 0.1,0.1, 12.5, 12.5, 4, 4, 1, 4000, 0, 1, 0, 15, 20.32
SGD, 1, -9, 1, -9, 128, 128, 128, 128, 0.1, 0.1, 0.1,0.1, 12.5, 12.5, 4, 4, 1, 4000, 0, 1, 0, 16, 28.86
SGD, 1, -9, 1, -9, 128, 128, 128, 128, 0.1, 0.1, 0.1,0.1, 12.5, 12.5, 4, 4, 1, 4000, 0, 1, 0, 17, 29.16
SGD, 1, -9, 1, -9, 128, 128, 128, 128, 0.1, 0.1, 0.1,0.1, 12.5, 12.5, 4, 4, 1, 4000, 0, 1, 0, 18, 11.77
SGD, 1, -9, 1, -9, 128, 128, 128, 128, 0.1, 0.1, 0.1,0.1, 12.5, 12.5, 4, 4, 1, 4000, 0, 1, 0, 19, 9.84
SGD, 1, -9, 1, -9, 128, 128, 128, 128, 0.1, 0.1, 0.1,0.1, 12.5, 12.5, 4, 4, 1, 4000, 0, 1, 0, 20, 23.32
SGD, 1, -9, 1, -9, 128, 128, 128, 128, 0.1, 0.1, 0.1,0.1, 12.5, 12.5, 4, 4, 1, 4000, 0, 1, 0, 21, 20.82
SGD, 1, -9, 1, -9, 128, 128, 128, 128, 0.1, 0.1, 0.1,0.1, 12.5, 12.5, 4, 4, 1, 4000, 0, 1, 0, 22, 18.06
SGD, 1, -9, 1, -9, 128, 128, 128, 128, 0.1, 0.1, 0.1,0.1, 12.5, 12.5, 4, 4, 1, 4000, 0, 1, 0, 23, 41.15
SGD, 1, -9, 1, -9, 128, 128, 128, 128, 0.1, 0.1, 0.1,0.1, 12.5, 12.5, 4, 4, 1, 4000, 0, 1, 0, 24, 27.18
SGD, 1, -9, 1, -9, 128, 128, 128, 128, 0.1, 0.1, 0.1,0.1, 12.5, 12.5, 4, 4, 1, 4000, 0, 1, 0, 25, 20.68
SGD, 1, -9, 1, -9, 128, 128, 128, 128, 0.1, 0.1, 0.1,0.1, 12.5, 12.5, 4, 4, 1, 4000, 0, 1, 0, 26, 18.03
SGD, 1, -9, 1, -9, 128, 128, 128, 128, 0.1, 0.1, 0.1,0.1, 12.5, 12.5, 4, 4, 1, 4000, 0, 1, 0, 27, 10.3
SGD, 1, -9, 1, -9, 128, 128, 128, 128, 0.1, 0.1, 0.1,0.1, 12.5, 12.5, 4, 4, 1, 4000, 0, 1, 0, 28, 13.5
SGD, 1, -9, 1, -9, 128, 128, 128, 128, 0.1, 0.1, 0.1,0.1, 12.5, 12.5, 4, 4, 1, 4000, 0, 1, 0, 29, 11.22
SGD, 1, -9, 1, -9, 128, 128, 128, 128, 0.1, 0.1, 0.1,0.1, 12.5, 12.5, 4, 4, 1, 4000, 0, 1, 0, 30, 10.29
SGD, 1, -9, 1, -9, 128, 128, 128, 128, 0.1, 0.1, 0.1,0.1, 12.5, 12.5, 4, 4, 1, 4000, 0, 1, 0, 31, 20.81
SGD, 1, -9, 1, -9, 128, 128, 128, 128, 0.1, 0.1, 0.1,0.1, 12.5, 12.5, 4, 4, 1, 4000, 0, 1, 0, 32, 9.8
SGD, 1, -9, 1, -9, 128, 128, 128, 128, 0.1, 0.1, 0.1,0.1, 12.5, 12.5, 4, 4, 1, 4000, 0, 1, 0, 33, 11.34
SGD, 1, -9, 1, -9, 128, 128, 128, 128, 0.1, 0.1, 0.1,0.1, 12.5, 12.5, 4, 4, 1, 4000, 0, 1, 0, 34, 22.53
SGD, 1, -9, 1, -9, 128, 128, 128, 128, 0.1, 0.1, 0.1,0.1, 12.5, 12.5, 4, 4, 1, 4000, 0, 1, 0, 35, 11.35
SGD, 1, -9, 1, -9, 128, 128, 128, 128, 0.1, 0.1, 0.1,0.1, 12.5, 12.5, 4, 4, 1, 4000, 0, 1, 0, 36, 12.32
SGD, 1, -9, 1, -9, 128, 128, 128, 128, 0.1, 0.1, 0.1,0.1, 12.5, 12.5, 4, 4, 1, 4000, 0, 1, 0, 37, 21.03
SGD, 1, -9, 1, -9, 128, 128, 128, 128, 0.1, 0.1, 0.1,0.1, 12.5, 12.5, 4, 4, 1, 4000, 0, 1, 0, 38, 18.55
SGD, 1, -9, 1, -9, 128, 128, 128, 128, 0.1, 0.1, 0.1,0.1, 12.5, 12.5, 4, 4, 1, 4000, 0, 1, 0, 39, 15.49
SGD, 1, -9, 1, -9, 128, 128, 128, 128, 0.1, 0.1, 0.1,0.1, 12.5, 12.5, 4, 4, 1, 4000, 0, 1, 0, 40, 11.88
SGD, 1, -9, 1, -9, 128, 128, 128, 128, 0.1, 0.1, 0.1,0.1, 12.5, 12.5, 4, 4, 1, 4000, 0, 1, 0, 41, 26.48
SGD, 1, -9, 1, -9, 128, 128, 128, 128, 0.1, 0.1, 0.1,0.1, 12.5, 12.5, 4, 4, 1, 4000, 0, 1, 0, 42, 19.23
SGD, 1, -9, 1, -9, 128, 128, 128, 128, 0.1, 0.1, 0.1,0.1, 12.5, 12.5, 4, 4, 1, 4000, 0, 1, 0, 43, 18.64
SGD, 1, -9, 1, -9, 128, 128, 128, 128, 0.1, 0.1, 0.1,0.1, 12.5, 12.5, 4, 4, 1, 4000, 0, 1, 0, 44, 31.48
SGD, 1, -9, 1, -9, 128, 128, 128, 128, 0.1, 0.1, 0.1,0.1, 12.5, 12.5, 4, 4, 1, 4000, 0, 1, 0, 45, 35.29
SGD, 1, -9, 1, -9, 128, 128, 128, 128, 0.1, 0.1, 0.1,0.1, 12.5, 12.5, 4, 4, 1, 4000, 0, 1, 0, 46, 19.42
SGD, 1, -9, 1, -9, 128, 128, 128, 128, 0.1, 0.1, 0.1,0.1, 12.5, 12.5, 4, 4, 1, 4000, 0, 1, 0, 47, 19.92
SGD, 1, -9, 1, -9, 128, 128, 128, 128, 0.1, 0.1, 0.1,0.1, 12.5, 12.5, 4, 4, 1, 4000, 0, 1, 0, 48, 18.7
SGD, 1, -9, 1, -9, 128, 128, 128, 128, 0.1, 0.1, 0.1,0.1, 12.5, 12.5, 4, 4, 1, 4000, 0, 1, 0, 49, 11.2
SGD, 1, -9, 1, -9, 128, 128, 128, 128, 0.1, 0.1, 0.1,0.1, 12.5, 12.5, 4, 4, 1, 4000, 0, 1, 0, 50, 9.8
SGD, 1, -9, 1, -9, 128, 128, 128, 128, 0.1, 0.1, 0.1,0.1, 12.5, 12.5, 4, 4, 1, 4000, 0, 1, 0, 51, 9.81
SGD, 1, -9, 1, -9, 128, 128, 128, 128, 0.1, 0.1, 0.1,0.1, 12.5, 12.5, 4, 4, 1, 4000, 0, 1, 0, 52, 9.8
SGD, 1, -9, 1, -9, 128, 128, 128, 128, 0.1, 0.1, 0.1,0.1, 12.5, 12.5, 4, 4, 1, 4000, 0, 1, 0, 53, 14.37
SGD, 1, -9, 1, -9, 128, 128, 128, 128, 0.1, 0.1, 0.1,0.1, 12.5, 12.5, 4, 4, 1, 4000, 0, 1, 0, 54, 30.44
SGD, 1, -9, 1, -9, 128, 128, 128, 128, 0.1, 0.1, 0.1,0.1, 12.5, 12.5, 4, 4, 1, 4000, 0, 1, 0, 55, 18.64
SGD, 1, -9, 1, -9, 128, 128, 128, 128, 0.1, 0.1, 0.1,0.1, 12.5, 12.5, 4, 4, 1, 4000, 0, 1, 0, 56, 20.38
SGD, 1, -9, 1, -9, 128, 128, 128, 128, 0.1, 0.1, 0.1,0.1, 12.5, 12.5, 4, 4, 1, 4000, 0, 1, 0, 57, 18.72
SGD, 1, -9, 1, -9, 128, 128, 128, 128, 0.1, 0.1, 0.1,0.1, 12.5, 12.5, 4, 4, 1, 4000, 0, 1, 0, 58, 9.8
SGD, 1, -9, 1, -9, 128, 128, 128, 128, 0.1, 0.1, 0.1,0.1, 12.5, 12.5, 4, 4, 1, 4000, 0, 1, 0, 59, 20.85
SGD, 1, -9, 1, -9, 128, 128, 128, 128, 0.1, 0.1, 0.1,0.1, 12.5, 12.5, 4, 4, 1, 4000, 0, 1, 0, 60, 9.94
SGD, 1, -9, 1, -9, 128, 128, 128, 128, 0.1, 0.1, 0.1,0.1, 12.5, 12.5, 4, 4, 1, 4000, 0, 1, 0, 61, 10.31
SGD, 1, -9, 1, -9, 128, 128, 128, 128, 0.1, 0.1, 0.1,0.1, 12.5, 12.5, 4, 4, 1, 4000, 0, 1, 0, 62, 9.8
SGD, 1, -9, 1, -9, 128, 128, 128, 128, 0.1, 0.1, 0.1,0.1, 12.5, 12.5, 4, 4, 1, 4000, 0, 1, 0, 63, 25.82
SGD, 1, -9, 1, -9, 128, 128, 128, 128, 0.1, 0.1, 0.1,0.1, 12.5, 12.5, 4, 4, 1, 4000, 0, 1, 0, 64, 9.97
SGD, 1, -9, 1, -9, 128, 128, 128, 128, 0.1, 0.1, 0.1,0.1, 12.5, 12.5, 4, 4, 1, 4000, 0, 1, 0, 65, 18.63
SGD, 1, -9, 1, -9, 128, 128, 128, 128, 0.1, 0.1, 0.1,0.1, 12.5, 12.5, 4, 4, 1, 4000, 0, 1, 0, 66, 18.8
SGD, 1, -9, 1, -9, 128, 128, 128, 128, 0.1, 0.1, 0.1,0.1, 12.5, 12.5, 4, 4, 1, 4000, 0, 1, 0, 67, 9.8
SGD, 1, -9, 1, -9, 128, 128, 128, 128, 0.1, 0.1, 0.1,0.1, 12.5, 12.5, 4, 4, 1, 4000, 0, 1, 0, 68, 9.8
SGD, 1, -9, 1, -9, 128, 128, 128, 128, 0.1, 0.1, 0.1,0.1, 12.5, 12.5, 4, 4, 1, 4000, 0, 1, 0, 69, 15.95
SGD, 1, -9, 1, -9, 128, 128, 128, 128, 0.1, 0.1, 0.1,0.1, 12.5, 12.5, 4, 4, 1, 4000, 0, 1, 0, 70, 9.8
SGD, 1, -9, 1, -9, 128, 128, 128, 128, 0.1, 0.1, 0.1,0.1, 12.5, 12.5, 4, 4, 1, 4000, 0, 1, 0, 71, 9.8
SGD, 1, -9, 1, -9, 128, 128, 128, 128, 0.1, 0.1, 0.1,0.1, 12.5, 12.5, 4, 4, 1, 4000, 0, 1, 0, 72, 13.6
SGD, 1, -9, 1, -9, 128, 128, 128, 128, 0.1, 0.1, 0.1,0.1, 12.5, 12.5, 4, 4, 1, 4000, 0, 1, 0, 73, 11.2
SGD, 1, -9, 1, -9, 128, 128, 128, 128, 0.1, 0.1, 0.1,0.1, 12.5, 12.5, 4, 4, 1, 4000, 0, 1, 0, 74, 19.65
SGD, 1, -9, 1, -9, 128, 128, 128, 128, 0.1, 0.1, 0.1,0.1, 12.5, 12.5, 4, 4, 1, 4000, 0, 1, 0, 75, 9.8
SGD, 1, -9, 1, -9, 128, 128, 128, 128, 0.1, 0.1, 0.1,0.1, 12.5, 12.5, 4, 4, 1, 4000, 0, 1, 0, 76, 18.42
SGD, 1, -9, 1, -9, 128, 128, 128, 128, 0.1, 0.1, 0.1,0.1, 12.5, 12.5, 4, 4, 1, 4000, 0, 1, 0, 77, 14.95
SGD, 1, -9, 1, -9, 128, 128, 128, 128, 0.1, 0.1, 0.1,0.1, 12.5, 12.5, 4, 4, 1, 4000, 0, 1, 0, 78, 18.56
SGD, 1, -9, 1, -9, 128, 128, 128, 128, 0.1, 0.1, 0.1,0.1, 12.5, 12.5, 4, 4, 1, 4000, 0, 1, 0, 79, 9.94
SGD, 1, -9, 1, -9, 128, 128, 128, 128, 0.1, 0.3, 0.1,0.1, 12.5, 12.5, 4, 4, 1, 4000, 0, 1, 0, 1, 20.37
SGD, 1, -9, 1, -9, 128, 128, 128, 128, 0.1, 0.3, 0.1,0.1, 12.5, 12.5, 4, 4, 1, 4000, 0, 1, 0, 2, 35.99
SGD, 1, -9, 1, -9, 128, 128, 128, 128, 0.1, 0.3, 0.1,0.1, 12.5, 12.5, 4, 4, 1, 4000, 0, 1, 0, 3, 32.02
SGD, 1, -9, 1, -9, 128, 128, 128, 128, 0.1, 0.3, 0.1,0.1, 12.5, 12.5, 4, 4, 1, 4000, 0, 1, 0, 4, 40.69
SGD, 1, -9, 1, -9, 128, 128, 128, 128, 0.1, 0.3, 0.1,0.1, 12.5, 12.5, 4, 4, 1, 4000, 0, 1, 0, 5, 40.61
SGD, 1, -9, 1, -9, 128, 128, 128, 128, 0.1, 0.3, 0.1,0.1, 12.5, 12.5, 4, 4, 1, 4000, 0, 1, 0, 6, 30.96
SGD, 1, -9, 1, -9, 128, 128, 128, 128, 0.1, 0.3, 0.1,0.1, 12.5, 12.5, 4, 4, 1, 4000, 0, 1, 0, 7, 28.88
SGD, 1, -9, 1, -9, 128, 128, 128, 128, 0.1, 0.3, 0.1,0.1, 12.5, 12.5, 4, 4, 1, 4000, 0, 1, 0, 8, 35.84
SGD, 1, -9, 1, -9, 128, 128, 128, 128, 0.1, 0.3, 0.1,0.1, 12.5, 12.5, 4, 4, 1, 4000, 0, 1, 0, 9, 35.67
SGD, 1, -9, 1, -9, 128, 128, 128, 128, 0.1, 0.3, 0.1,0.1, 12.5, 12.5, 4, 4, 1, 4000, 0, 1, 0, 10, 31.89
SGD, 1, -9, 1, -9, 128, 128, 128, 128, 0.1, 0.3, 0.1,0.1, 12.5, 12.5, 4, 4, 1, 4000, 0, 1, 0, 11, 25.24
SGD, 1, -9, 1, -9, 128, 128, 128, 128, 0.1, 0.3, 0.1,0.1, 12.5, 12.5, 4, 4, 1, 4000, 0, 1, 0, 12, 22.14
SGD, 1, -9, 1, -9, 128, 128, 128, 128, 0.1, 0.3, 0.1,0.1, 12.5, 12.5, 4, 4, 1, 4000, 0, 1, 0, 13, 28.08
SGD, 1, -9, 1, -9, 128, 128, 128, 128, 0.1, 0.1, 0.3,0.1, 12.5, 12.5, 4, 4, 1, 4000, 0, 1, 0, 1, 12.21
SGD, 1, -9, 1, -9, 128, 128, 128, 128, 0.1, 0.1, 0.3,0.1, 12.5, 12.5, 4, 4, 1, 4000, 0, 1, 0, 2, 10.32
SGD, 1, -9, 1, -9, 128, 128, 128, 128, 0.1, 0.1, 0.3,0.1, 12.5, 12.5, 4, 4, 1, 4000, 0, 1, 0, 3, 10.32
SGD, 1, -9, 1, -9, 128, 128, 128, 128, 0.1, 0.1, 0.3,0.1, 12.5, 12.5, 4, 4, 1, 4000, 0, 1, 0, 4, 10.32
SGD, 1, -9, 1, -9, 128, 128, 128, 128, 0.1, 0.1, 0.3,0.1, 12.5, 12.5, 4, 4, 1, 4000, 0, 1, 0, 5, 10.32
SGD, 1, -9, 1, -9, 128, 128, 128, 128, 0.1, 0.3, 0.3,0.1, 12.5, 12.5, 4, 4, 1, 4000, 0, 1, 0, 1, 11.4
SGD, 1, -9, 1, -9, 128, 128, 128, 128, 0.1, 0.3, 0.3,0.1, 12.5, 12.5, 4, 4, 1, 4000, 0, 1, 0, 2, 11.45
SGD, 1, -9, 1, -9, 128, 128, 128, 128, 0.1, 0.3, 0.3,0.1, 12.5, 12.5, 4, 4, 1, 4000, 0, 1, 0, 3, 21.01
SGD, 1, -9, 1, -9, 128, 128, 128, 128, 0.1, 0.3, 0.3,0.1, 12.5, 12.5, 4, 4, 1, 4000, 0, 1, 0, 4, 10.72
SGD, 1, -9, 1, -9, 128, 128, 128, 128, 0.1, 0.3, 0.3,0.1, 12.5, 12.5, 4, 4, 1, 4000, 0, 1, 0, 5, 21
SGD, 1, -9, 1, -9, 128, 128, 128, 128, 0.1, 0.3, 0.3,0.1, 12.5, 12.5, 4, 4, 1, 4000, 0, 1, 0, 6, 11.35
SGD, 1, -9, 1, -9, 128, 128, 128, 128, 0.3, 0.3, 0.3,0.3, 12.5, 12.5, 4, 4, 1, 4000, 0, 1, 0, 1, 16.63
SGD, 1, -9, 1, -9, 128, 128, 128, 128, 0.3, 0.3, 0.3,0.3, 12.5, 12.5, 4, 4, 1, 4000, 0, 1, 0, 2, 12.6
SGD, 1, -9, 1, -9, 128, 128, 128, 128, 0.3, 0.3, 0.3,0.3, 12.5, 12.5, 4, 4, 1, 4000, 0, 1, 0, 3, 23.88
SGD, 1, -9, 1, -9, 128, 128, 128, 128, 0.3, 0.3, 0.3,0.3, 12.5, 12.5, 4, 4, 1, 4000, 0, 1, 0, 4, 23.88
SGD, 1, -9, 1, -9, 128, 128, 128, 128, 0.3, 0.3, 0.3,0.3, 12.5, 12.5, 4, 4, 1, 4000, 0, 1, 0, 5, 23.88
SGD, 1, -9, 1, -9, 128, 128, 128, 128, 0.3, 0.3, 0.3,0.3, 12.5, 12.5, 4, 4, 1, 4000, 0, 1, 0, 6, 23.88
SGD, 1, -9, 1, -9, 128, 128, 128, 128, 0.3, 0.3, 0.3,0.3, 12.5, 12.5, 4, 4, 1, 4000, 0, 1, 0, 7, 23.88
SGD, 1, -9, 1, -9, 128, 128, 128, 128, 0.3, 0.3, 0.3,0.3, 12.5, 12.5, 4, 4, 1, 4000, 0, 1, 0, 8, 23.64
SGD, 1, -9, 1, -9, 128, 128, 128, 128, 0.3, 0.3, 0.3,0.3, 12.5, 12.5, 4, 4, 1, 4000, 0, 1, 0, 9, 11.35
SGD, 1, -9, 1, -9, 128, 128, 128, 128, 0.3, 0.3, 0.3,0.3, 12.5, 12.5, 4, 4, 1, 4000, 0, 1, 0, 10, 31.05
SGD, 1, -9, 1, -9, 128, 128, 128, 128, 0.3, 0.3, 0.3,0.3, 12.5, 12.5, 4, 4, 1, 4000, 0, 1, 0, 11, 34.86
SGD, 1, -9, 1, -9, 128, 128, 128, 128, 0.3, 0.3, 0.3,0.3, 12.5, 12.5, 4, 4, 1, 4000, 0, 1, 0, 12, 9.58
SGD, 1, -9, 1, -9, 128, 128, 128, 128, 0.3, 0.3, 0.3,0.3, 12.5, 12.5, 4, 4, 1, 4000, 0, 1, 0, 13, 9.58
SGD, 1, -9, 1, -9, 128, 128, 128, 128, 0.3, 0.3, 0.3,0.3, 12.5, 12.5, 4, 4, 1, 4000, 0, 1, 0, 14, 31.75
SGD, 1, -9, 1, -9, 128, 128, 128, 128, 0.3, 0.3, 0.3,0.3, 12.5, 12.5, 4, 4, 1, 4000, 0, 1, 0, 15, 28.14
SGD, 1, -9, 1, -9, 128, 128, 128, 128, 0.3, 0.3, 0.3,0.3, 12.5, 12.5, 4, 4, 1, 4000, 0, 1, 0, 16, 25.36
SGD, 1, -9, 1, -9, 128, 128, 128, 128, 0.3, 0.3, 0.3,0.3, 12.5, 12.5, 4, 4, 1, 4000, 0, 1, 0, 17, 10.28
SGD, 1, -9, 1, -9, 128, 128, 128, 128, 0.3, 0.3, 0.3,0.3, 12.5, 12.5, 4, 4, 1, 4000, 0, 1, 0, 18, 10.28
SGD, 1, -9, 1, -9, 128, 128, 128, 128, 0.3, 0.3, 0.3,0.3, 12.5, 12.5, 4, 4, 1, 4000, 0, 1, 0, 19, 10.28
SGD, 1, -9, 1, -9, 128, 128, 128, 128, 0.3, 0.3, 0.3,0.3, 12.5, 12.5, 4, 4, 1, 4000, 0, 1, 0, 20, 10.28
SGD, 1, -9, 1, -9, 128, 128, 128, 128, 0.3, 0.3, 0.3,0.3, 12.5, 12.5, 4, 4, 1, 4000, 0, 1, 0, 21, 10.28
SGD, 1, -9, 1, -9, 128, 128, 128, 128, 0.3, 0.3, 0.3,0.3, 12.5, 12.5, 4, 4, 1, 4000, 0, 1, 0, 22, 10.28
SGD, 1, -9, 1, -9, 128, 128, 128, 128, 0.3, 0.3, 0.3,0.3, 12.5, 12.5, 4, 4, 1, 4000, 0, 1, 0, 23, 10.28
SGD, 1, -9, 1, -9, 128, 128, 128, 128, 0.3, 0.3, 0.3,0.3, 12.5, 12.5, 4, 4, 1, 4000, 0, 1, 0, 24, 10.28
SGD, 1, -9, 1, -9, 128, 128, 128, 128, 0.3, 0.3, 0.3,0.3, 12.5, 12.5, 4, 4, 1, 4000, 0, 1, 0, 25, 10.28
SGD, 1, -9, 1, -9, 128, 128, 128, 128, 0.3, 0.3, 0.3,0.3, 12.5, 12.5, 4, 4, 1, 4000, 0, 1, 0, 26, 10.28
SGD, 1, -9, 1, -9, 128, 128, 128, 128, 0.3, 0.3, 0.3,0.3, 12.5, 12.5, 4, 4, 1, 4000, 0, 1, 0, 27, 10.28
SGD, 1, -9, 1, -9, 128, 128, 128, 128, 0.3, 0.3, 0.3,0.3, 12.5, 12.5, 4, 4, 1, 4000, 0, 1, 0, 28, 10.28
SGD, 1, -9, 1, -9, 128, 128, 128, 128, 0.3, 0.3, 0.3,0.3, 12.5, 12.5, 4, 4, 1, 4000, 0, 1, 0, 29, 10.28
SGD, 1, -9, 1, -9, 128, 128, 128, 128, 0.3, 0.3, 0.3,0.3, 12.5, 12.5, 4, 4, 1, 4000, 0, 1, 0, 30, 10.28
SGD, 1, -9, 1, -9, 128, 128, 128, 128, 0.3, 0.3, 0.3,0.3, 12.5, 12.5, 4, 4, 1, 4000, 0, 1, 0, 31, 10.28
SGD, 1, -9, 1, -9, 128, 128, 128, 128, 0.3, 0.3, 0.3,0.3, 12.5, 12.5, 4, 4, 1, 4000, 0, 1, 0, 32, 10.28
SGD, 1, -9, 1, -9, 128, 128, 128, 128, 0.3, 0.3, 0.3,0.3, 12.5, 12.5, 4, 4, 1, 4000, 0, 1, 0, 33, 10.28
SGD, 1, -9, 1, -9, 128, 128, 128, 128, 0.3, 0.3, 0.3,0.3, 12.5, 12.5, 4, 4, 1, 4000, 0, 1, 0, 34, 10.28
SGD, 1, -9, 1, -9, 128, 128, 128, 128, 0.3, 0.3, 0.3,0.3, 12.5, 12.5, 4, 4, 1, 4000, 0, 1, 0, 35, 10.28
SGD, 1, -9, 1, -9, 128, 128, 128, 128, 0.3, 0.3, 0.3,0.3, 12.5, 12.5, 4, 4, 1, 4000, 0, 1, 0, 36, 10.28
SGD, 1, -9, 1, -9, 128, 128, 128, 128, 0.3, 0.3, 0.3,0.3, 12.5, 12.5, 4, 4, 1, 4000, 0, 1, 0, 37, 10.28
SGD, 1, -9, 1, -9, 128, 128, 128, 128, 0.3, 0.3, 0.3,0.3, 12.5, 12.5, 4, 4, 1, 4000, 0, 1, 0, 38, 10.28
SGD, 1, -9, 1, -9, 128, 128, 128, 128, 0.3, 0.3, 0.3,0.3, 12.5, 12.5, 4, 4, 1, 4000, 0, 1, 0, 39, 10.28
SGD, 1, -9, 1, -9, 128, 128, 128, 128, 0.3, 0.3, 0.3,0.3, 12.5, 12.5, 4, 4, 1, 4000, 0, 1, 0, 40, 10.28
SGD, 1, -9, 1, -9, 128, 128, 128, 128, 0.3, 0.3, 0.3,0.3, 12.5, 12.5, 4, 4, 1, 4000, 0, 1, 0, 41, 10.28
SGD, 1, -9, 1, -9, 128, 128, 128, 128, 0.3, 0.3, 0.3,0.3, 12.5, 12.5, 4, 4, 1, 4000, 0, 1, 0, 42, 10.28
SGD, 1, -9, 1, -9, 128, 128, 128, 128, 0.3, 0.3, 0.3,0.3, 12.5, 12.5, 4, 4, 1, 4000, 0, 1, 0, 43, 10.28
SGD, 1, -9, 1, -9, 128, 128, 128, 128, 0.3, 0.3, 0.3,0.3, 12.5, 12.5, 4, 4, 1, 4000, 0, 1, 0, 44, 10.28
SGD, 1, -9, 1, -9, 128, 128, 128, 128, 0.3, 0.3, 0.3,0.3, 12.5, 12.5, 4, 4, 1, 4000, 0, 1, 0, 45, 10.28
SGD, 1, -9, 1, -9, 128, 128, 128, 128, 0.3, 0.3, 0.3,0.3, 12.5, 12.5, 4, 4, 1, 4000, 0, 1, 0, 46, 10.28
SGD, 1, -9, 1, -9, 128, 128, 128, 128, 0.3, 0.3, 0.3,0.3, 12.5, 12.5, 4, 4, 1, 4000, 0, 1, 0, 47, 10.28
SGD, 1, -9, 1, -9, 128, 128, 128, 128, 0.3, 0.3, 0.3,0.3, 12.5, 12.5, 4, 4, 1, 4000, 0, 1, 0, 48, 10.28
SGD, 1, -9, 1, -9, 128, 128, 128, 128, 0.3, 0.3, 0.3,0.3, 12.5, 12.5, 4, 4, 1, 4000, 0, 1, 0, 49, 10.28
SGD, 1, -9, 1, -9, 128, 128, 128, 128, 0.3, 0.3, 0.3,0.3, 12.5, 12.5, 4, 4, 1, 4000, 0, 1, 0, 50, 10.28
SGD, 1, -9, 1, -9, 128, 128, 128, 128, 0.3, 0.3, 0.3,0.3, 12.5, 12.5, 4, 4, 1, 4000, 0, 1, 0, 51, 10.28
SGD, 1, -9, 1, -9, 128, 128, 128, 128, 0.3, 0.3, 0.3,0.3, 12.5, 12.5, 4, 4, 1, 4000, 0, 1, 0, 52, 10.28
SGD, 1, -9, 1, -9, 128, 128, 128, 128, 0.3, 0.3, 0.3,0.3, 12.5, 12.5, 4, 4, 1, 4000, 0, 1, 0, 53, 10.28
SGD, 1, -9, 1, -9, 128, 128, 128, 128, 0.3, 0.3, 0.3,0.3, 12.5, 12.5, 4, 4, 1, 4000, 0, 1, 0, 54, 10.28
SGD, 1, -9, 1, -9, 128, 128, 128, 128, 0.3, 0.3, 0.3,0.3, 12.5, 12.5, 4, 4, 1, 4000, 0, 1, 0, 55, 10.28
SGD, 1, -9, 1, -9, 128, 128, 128, 128, 0.3, 0.3, 0.3,0.3, 12.5, 12.5, 4, 4, 1, 4000, 0, 1, 0, 56, 10.28
SGD, 1, -9, 1, -9, 128, 128, 128, 128, 0.3, 0.3, 0.3,0.3, 12.5, 12.5, 4, 4, 1, 4000, 0, 1, 0, 57, 10.28
SGD, 1, -9, 1, -9, 128, 128, 128, 128, 0.3, 0.3, 0.3,0.3, 12.5, 12.5, 4, 4, 1, 4000, 0, 1, 0, 58, 10.28
SGD, 1, -9, 1, -9, 128, 128, 128, 128, 0.3, 0.3, 0.3,0.3, 12.5, 12.5, 4, 4, 1, 4000, 0, 1, 0, 59, 10.28
SGD, 1, -9, 1, -9, 128, 128, 128, 128, 0.3, 0.3, 0.3,0.3, 12.5, 12.5, 4, 4, 1, 4000, 0, 1, 0, 60, 10.28
SGD, 1, -9, 1, -9, 128, 128, 128, 128, 0.3, 0.3, 0.3,0.3, 12.5, 12.5, 4, 4, 1, 4000, 0, 1, 0, 61, 10.28
SGD, 1, -9, 1, -9, 128, 128, 128, 128, 0.3, 0.3, 0.3,0.3, 12.5, 12.5, 4, 4, 1, 4000, 0, 1, 0, 62, 10.28
SGD, 1, -9, 1, -9, 128, 128, 128, 128, 0.3, 0.3, 0.3,0.3, 12.5, 12.5, 4, 4, 1, 4000, 0, 1, 0, 63, 10.28
SGD, 1, -9, 1, -9, 128, 128, 128, 128, 0.3, 0.3, 0.3,0.3, 12.5, 12.5, 4, 4, 1, 4000, 0, 1, 0, 64, 10.28
SGD, 1, -9, 1, -9, 128, 128, 128, 128, 0.3, 0.3, 0.3,0.3, 12.5, 12.5, 4, 4, 1, 4000, 0, 1, 0, 65, 10.28
SGD, 1, -9, 1, -9, 128, 128, 128, 128, 0.3, 0.3, 0.3,0.3, 12.5, 12.5, 4, 4, 1, 4000, 0, 1, 0, 66, 10.28
SGD, 1, -9, 1, -9, 128, 128, 128, 128, 0.3, 0.3, 0.3,0.3, 12.5, 12.5, 4, 4, 1, 4000, 0, 1, 0, 67, 10.28
SGD, 1, -9, 1, -9, 128, 128, 128, 128, 0.3, 0.3, 0.3,0.3, 12.5, 12.5, 4, 4, 1, 4000, 0, 1, 0, 68, 10.28
SGD, 1, -9, 1, -9, 128, 128, 128, 128, 0.3, 0.3, 0.3,0.3, 12.5, 12.5, 4, 4, 1, 4000, 0, 1, 0, 69, 10.28
SGD, 1, -9, 1, -9, 128, 128, 128, 128, 0.3, 0.3, 0.3,0.3, 12.5, 12.5, 4, 4, 1, 4000, 0, 1, 0, 70, 10.28
SGD, 1, -9, 1, -9, 128, 128, 128, 128, 0.3, 0.3, 0.3,0.3, 12.5, 12.5, 4, 4, 1, 4000, 0, 1, 0, 71, 10.28
SGD, 1, -9, 1, -9, 128, 128, 128, 128, 0.3, 0.3, 0.3,0.3, 12.5, 12.5, 4, 4, 1, 4000, 0, 1, 0, 72, 10.28
SGD, 1, -9, 1, -9, 128, 128, 128, 128, 0.3, 0.3, 0.3,0.3, 12.5, 12.5, 4, 4, 1, 4000, 0, 1, 0, 73, 10.28
SGD, 1, -9, 1, -9, 128, 128, 128, 128, 0.3, 0.3, 0.3,0.3, 12.5, 12.5, 4, 4, 1, 4000, 0, 1, 0, 74, 10.28
SGD, 1, -9, 1, -9, 128, 128, 128, 128, 0.3, 0.3, 0.3,0.3, 12.5, 12.5, 4, 4, 1, 4000, 0, 1, 0, 75, 10.28
SGD, 1, -9, 1, -9, 128, 128, 128, 128, 0.3, 0.3, 0.3,0.3, 12.5, 12.5, 4, 4, 1, 4000, 0, 1, 0, 76, 10.28
SGD, 1, -9, 1, -9, 128, 128, 128, 128, 0.3, 0.3, 0.3,0.3, 12.5, 12.5, 4, 4, 1, 4000, 0, 1, 0, 77, 10.28
SGD, 1, -9, 1, -9, 128, 128, 128, 128, 0.3, 0.3, 0.3,0.3, 12.5, 12.5, 4, 4, 1, 4000, 0, 1, 0, 78, 10.28
SGD, 1, -9, 1, -9, 128, 128, 128, 128, 0.3, 0.3, 0.3,0.3, 12.5, 12.5, 4, 4, 1, 4000, 0, 1, 0, 79, 10.28
SGD, 1, -9, 1, -9, 128, 128, 128, 128, 0.3, 0.3, 0.3,0.3, 12.5, 12.5, 4, 4, 1, 4000, 0, 1, 0, 80, 10.28
SGD, 1, -9, 1, -9, 128, 128, 128, 128, 0.3, 0.3, 0.3,0.3, 12.5, 12.5, 4, 4, 1, 4000, 0, 1, 0, 81, 10.28
SGD, 1, -9, 1, -9, 128, 128, 128, 128, 0.3, 0.3, 0.3,0.3, 12.5, 12.5, 4, 4, 1, 4000, 0, 1, 0, 82, 10.28
SGD, 1, -9, 1, -9, 128, 128, 128, 128, 0.3, 0.3, 0.3,0.3, 12.5, 12.5, 4, 4, 1, 4000, 0, 1, 0, 83, 10.28
SGD, 1, -9, 1, -9, 128, 128, 128, 128, 0.3, 0.3, 0.3,0.3, 12.5, 12.5, 4, 4, 1, 4000, 0, 1, 0, 84, 10.28
SGD, 1, -9, 1, -9, 128, 128, 128, 128, 0.3, 0.3, 0.3,0.3, 12.5, 12.5, 4, 4, 1, 4000, 0, 1, 0, 85, 10.28
SGD, 1, -9, 1, -9, 128, 128, 128, 128, 0.3, 0.3, 0.3,0.3, 12.5, 12.5, 4, 4, 1, 4000, 0, 1, 0, 86, 10.28
SGD, 1, -9, 1, -9, 128, 128, 128, 128, 0.3, 0.3, 0.3,0.3, 12.5, 12.5, 4, 4, 1, 4000, 0, 1, 0, 87, 10.28
SGD, 1, -9, 1, -9, 128, 128, 128, 128, 0.3, 0.3, 0.3,0.3, 12.5, 12.5, 4, 4, 1, 4000, 0, 1, 0, 88, 10.28
SGD, 1, -9, 1, -9, 128, 128, 128, 128, 0.3, 0.3, 0.3,0.3, 12.5, 12.5, 4, 4, 1, 4000, 0, 1, 0, 89, 10.28
SGD, 1, -9, 1, -9, 128, 128, 128, 128, 0.3, 0.3, 0.3,0.3, 12.5, 12.5, 4, 4, 1, 4000, 0, 1, 0, 90, 10.28
SGD, 1, -9, 1, -9, 128, 128, 128, 128, 0.3, 0.3, 0.3,0.3, 12.5, 12.5, 4, 4, 1, 4000, 0, 1, 0, 91, 10.28
SGD, 1, -9, 1, -9, 128, 128, 128, 128, 0.3, 0.3, 0.3,0.3, 12.5, 12.5, 4, 4, 1, 4000, 0, 1, 0, 92, 10.28
SGD, 1, -9, 1, -9, 128, 128, 128, 128, 0.3, 0.3, 0.3,0.3, 12.5, 12.5, 4, 4, 1, 4000, 0, 1, 0, 93, 10.28
SGD, 1, -9, 1, -9, 128, 128, 128, 128, 0.3, 0.3, 0.3,0.3, 12.5, 12.5, 4, 4, 1, 4000, 0, 1, 0, 94, 10.28
SGD, 1, -9, 1, -9, 128, 128, 128, 128, 0.3, 0.3, 0.3,0.3, 12.5, 12.5, 4, 4, 1, 4000, 0, 1, 0, 95, 10.28
SGD, 1, -9, 1, -9, 128, 128, 128, 128, 0.3, 0.3, 0.3,0.3, 12.5, 12.5, 4, 4, 1, 4000, 0, 1, 0, 96, 10.28
SGD, 1, -9, 1, -9, 128, 128, 128, 128, 0.3, 0.3, 0.3,0.3, 12.5, 12.5, 4, 4, 1, 4000, 0, 1, 0, 97, 10.28
SGD, 1, -9, 1, -9, 128, 128, 128, 128, 0.3, 0.3, 0.3,0.3, 12.5, 12.5, 4, 4, 1, 4000, 0, 1, 0, 98, 10.28
SGD, 1, -9, 1, -9, 128, 128, 128, 128, 0.3, 0.3, 0.3,0.3, 12.5, 12.5, 4, 4, 1, 4000, 0, 1, 0, 99, 10.28
SGD, 1, -9, 1, -9, 128, 128, 128, 128, 0.3, 0.3, 0.3,0.3, 12.5, 12.5, 4, 4, 1, 4000, 0, 1, 0, 100, 10.28
SGD, 1, -9, 1, -9, 128, 128, 128, 128, 0.3, 0.3, 0.3,0.3, 12.5, 12.5, 4, 4, 1, 4000, 0, 1, 0, 101, 10.28
SGD, 1, -9, 1, -9, 128, 128, 128, 128, 0.3, 0.3, 0.3,0.3, 12.5, 12.5, 4, 4, 1, 4000, 0, 1, 0, 102, 10.28
SGD, 1, -9, 1, -9, 128, 128, 128, 128, 0.3, 0.3, 0.3,0.3, 12.5, 12.5, 4, 4, 1, 4000, 0, 1, 0, 103, 10.28
SGD, 1, -9, 1, -9, 128, 128, 128, 128, 0.3, 0.3, 0.3,0.3, 12.5, 12.5, 4, 4, 1, 4000, 0, 1, 0, 104, 10.28
SGD, 1, -9, 1, -9, 128, 128, 128, 128, 0.3, 0.3, 0.3,0.3, 12.5, 12.5, 4, 4, 1, 4000, 0, 1, 0, 105, 10.28
SGD, 1, -9, 1, -9, 128, 128, 128, 128, 0.3, 0.3, 0.3,0.3, 12.5, 12.5, 4, 4, 1, 4000, 0, 1, 0, 106, 10.28
SGD, 1, -9, 1, -9, 128, 128, 128, 128, 0.3, 0.3, 0.3,0.3, 12.5, 12.5, 4, 4, 1, 4000, 0, 1, 0, 107, 10.28
SGD, 1, -9, 1, -9, 128, 128, 128, 128, 0.3, 0.3, 0.3,0.3, 12.5, 12.5, 4, 4, 1, 4000, 0, 1, 0, 108, 10.28
SGD, 1, -9, 1, -9, 128, 128, 128, 128, 0.3, 0.3, 0.3,0.3, 12.5, 12.5, 4, 4, 1, 4000, 0, 1, 0, 109, 10.28
SGD, 1, -9, 1, -9, 128, 128, 128, 128, 0.3, 0.3, 0.3,0.3, 12.5, 12.5, 4, 4, 1, 4000, 0, 1, 0, 110, 10.28
SGD, 1, -9, 1, -9, 128, 128, 128, 128, 0.3, 0.3, 0.3,0.3, 12.5, 12.5, 4, 4, 1, 4000, 0, 1, 0, 111, 10.28
SGD, 1, -9, 1, -9, 128, 128, 128, 128, 0.3, 0.3, 0.3,0.3, 12.5, 12.5, 4, 4, 1, 4000, 0, 1, 0, 112, 10.28
SGD, 1, -9, 1, -9, 128, 128, 128, 128, 0.3, 0.3, 0.3,0.3, 12.5, 12.5, 4, 4, 1, 4000, 0, 1, 0, 113, 10.28
SGD, 1, -9, 1, -9, 128, 128, 128, 128, 0.3, 0.3, 0.3,0.3, 12.5, 12.5, 4, 4, 1, 4000, 0, 1, 0, 114, 10.28
SGD, 1, -9, 1, -9, 128, 128, 128, 128, 0.3, 0.3, 0.3,0.3, 12.5, 12.5, 4, 4, 1, 4000, 0, 1, 0, 115, 10.28
SGD, 1, -9, 1, -9, 128, 128, 128, 128, 0.3, 0.3, 0.3,0.3, 12.5, 12.5, 4, 4, 1, 4000, 0, 1, 0, 116, 10.28
SGD, 1, -9, 1, -9, 128, 128, 128, 128, 0.3, 0.3, 0.3,0.3, 12.5, 12.5, 4, 4, 1, 4000, 0, 1, 0, 117, 10.28
SGD, 1, -9, 1, -9, 128, 128, 128, 128, 0.3, 0.3, 0.3,0.3, 12.5, 12.5, 4, 4, 1, 4000, 0, 1, 0, 118, 10.28
SGD, 1, -9, 1, -9, 128, 128, 128, 128, 0.3, 0.3, 0.3,0.3, 12.5, 12.5, 4, 4, 1, 4000, 0, 1, 0, 119, 10.28
SGD, 1, -9, 1, -9, 128, 128, 128, 128, 0.3, 0.3, 0.3,0.3, 12.5, 12.5, 4, 4, 1, 4000, 0, 1, 0, 120, 10.28
SGD, 1, -9, 1, -9, 128, 128, 128, 128, 0.3, 0.3, 0.3,0.3, 12.5, 12.5, 4, 4, 1, 4000, 0, 1, 0, 121, 10.28
SGD, 1, -9, 1, -9, 128, 128, 128, 128, 0.3, 0.3, 0.3,0.3, 12.5, 12.5, 4, 4, 1, 4000, 0, 1, 0, 122, 10.28
SGD, 1, -9, 1, -9, 128, 128, 128, 128, 0.3, 0.3, 0.3,0.3, 12.5, 12.5, 4, 4, 1, 4000, 0, 1, 0, 123, 10.28
SGD, 1, -9, 1, -9, 128, 128, 128, 128, 0.3, 0.3, 0.3,0.3, 12.5, 12.5, 4, 4, 1, 4000, 0, 1, 0, 124, 10.28
SGD, 1, -9, 1, -9, 128, 128, 128, 128, 0.3, 0.3, 0.3,0.3, 12.5, 12.5, 4, 4, 1, 4000, 0, 1, 0, 125, 10.28
